"","predicate_order","group","audio_name","video_name","video_type","audio_name_first_predicate_type","collapsed_predicate_pair","video","audio_2","target_order","first_predicate","second_predicate","target","trial_type"
"1","A",1,"meeting_or_teaching","diverge","sym","sym","meet_teach","diverge.mp4","9A_did_he_say_meeting_or_teaching.wav","first","meeting","teaching","meeting","test"
"2","A",1,"inviting_or_marrying","equal","sym","nonsym","marry_invite","equal.mp4","6A_did_he_say_inviting_or_marrying.wav","second","inviting","marrying","marrying","test"
"3","A",1,"pulling_or_joining","divorce","sym","nonsym","join_pull","divorce.mp4","7B_did_he_say_pulling_or_joining.wav","second","pulling","joining","joining","test"
"4","A",1,"fighting_or_punching","embrace","sym","sym","fight_punch","embrace.mp4","3A_did_he_say_fighting_or_punching.wav","first","fighting","punching","fighting","test"
"5","A",1,"grabbing_or_sharing","quarrel","sym","nonsym","share_grab","quarrel.mp4","4A_did_he_say_grabbing_or_sharing.wav","second","grabbing","sharing","sharing","test"
"6","A",1,"kissing_or_licking","expand","nonsym","sym","kiss_lick","expand.mp4","8A_did_he_say_kissing_or_licking.wav","second","kissing","licking","licking","test"
"7","A",1,"hugging_or_tickling","assist","nonsym","sym","hug_tickle","assist.mp4","5A_did_he_say_hugging_or_tickling.wav","second","hugging","tickling","tickling","test"
"8","A",1,"hanging_or_connecting","touch","nonsym","nonsym","connect_hang","touch.mp4","2B_did_he_say_hanging_or_connecting.wav","first","hanging","connecting","hanging","test"
"9","A",1,"choosing_or_matching","reject","nonsym","nonsym","match_choose","reject.mp4","1A_did_he_say_choosing_or_matching.wav","first","choosing","matching","choosing","test"
"10","A",1,"pushing_or_separating","drown","nonsym","nonsym","separate_push","drown.mp4","10A_did_he_say_pushing_or_separating.wav","first","pushing","separating","pushing","test"
"11","A",2,"meeting_or_teaching","expand","nonsym","sym","meet_teach","expand.mp4","9A_did_he_say_meeting_or_teaching.wav","second","meeting","teaching","teaching","test"
"12","A",2,"inviting_or_marrying","touch","nonsym","nonsym","marry_invite","touch.mp4","6A_did_he_say_inviting_or_marrying.wav","first","inviting","marrying","inviting","test"
"13","A",2,"pulling_or_joining","assist","nonsym","nonsym","join_pull","assist.mp4","7B_did_he_say_pulling_or_joining.wav","first","pulling","joining","pulling","test"
"14","A",2,"fighting_or_punching","reject","nonsym","sym","fight_punch","reject.mp4","3A_did_he_say_fighting_or_punching.wav","second","fighting","punching","punching","test"
"15","A",2,"grabbing_or_sharing","drown","nonsym","nonsym","share_grab","drown.mp4","4A_did_he_say_grabbing_or_sharing.wav","first","grabbing","sharing","grabbing","test"
"16","A",2,"kissing_or_licking","diverge","sym","sym","kiss_lick","diverge.mp4","8A_did_he_say_kissing_or_licking.wav","first","kissing","licking","kissing","test"
"17","A",2,"hugging_or_tickling","equal","sym","sym","hug_tickle","equal.mp4","5A_did_he_say_hugging_or_tickling.wav","first","hugging","tickling","hugging","test"
"18","A",2,"hanging_or_connecting","divorce","sym","nonsym","connect_hang","divorce.mp4","2B_did_he_say_hanging_or_connecting.wav","second","hanging","connecting","connecting","test"
"19","A",2,"choosing_or_matching","quarrel","sym","nonsym","match_choose","quarrel.mp4","1A_did_he_say_choosing_or_matching.wav","second","choosing","matching","matching","test"
"20","A",2,"pushing_or_separating","embrace","sym","nonsym","separate_push","embrace.mp4","10A_did_he_say_pushing_or_separating.wav","second","pushing","separating","separating","test"
"21","A",3,"meeting_or_teaching","equal","sym","sym","meet_teach","equal.mp4","9A_did_he_say_meeting_or_teaching.wav","first","meeting","teaching","meeting","test"
"22","A",3,"inviting_or_marrying","embrace","sym","nonsym","marry_invite","embrace.mp4","6A_did_he_say_inviting_or_marrying.wav","second","inviting","marrying","marrying","test"
"23","A",3,"pulling_or_joining","quarrel","sym","nonsym","join_pull","quarrel.mp4","7B_did_he_say_pulling_or_joining.wav","second","pulling","joining","joining","test"
"24","A",3,"fighting_or_punching","diverge","sym","sym","fight_punch","diverge.mp4","3A_did_he_say_fighting_or_punching.wav","first","fighting","punching","fighting","test"
"25","A",3,"grabbing_or_sharing","divorce","sym","nonsym","share_grab","divorce.mp4","4A_did_he_say_grabbing_or_sharing.wav","second","grabbing","sharing","sharing","test"
"26","A",3,"kissing_or_licking","expand","nonsym","sym","kiss_lick","expand.mp4","8A_did_he_say_kissing_or_licking.wav","second","kissing","licking","licking","test"
"27","A",3,"hugging_or_tickling","assist","nonsym","sym","hug_tickle","assist.mp4","5A_did_he_say_hugging_or_tickling.wav","second","hugging","tickling","tickling","test"
"28","A",3,"hanging_or_connecting","drown","nonsym","nonsym","connect_hang","drown.mp4","2B_did_he_say_hanging_or_connecting.wav","first","hanging","connecting","hanging","test"
"29","A",3,"choosing_or_matching","reject","nonsym","nonsym","match_choose","reject.mp4","1A_did_he_say_choosing_or_matching.wav","first","choosing","matching","choosing","test"
"30","A",3,"pushing_or_separating","touch","nonsym","nonsym","separate_push","touch.mp4","10A_did_he_say_pushing_or_separating.wav","first","pushing","separating","pushing","test"
"31","A",4,"meeting_or_teaching","drown","nonsym","sym","meet_teach","drown.mp4","9A_did_he_say_meeting_or_teaching.wav","second","meeting","teaching","teaching","test"
"32","A",4,"inviting_or_marrying","touch","nonsym","nonsym","marry_invite","touch.mp4","6A_did_he_say_inviting_or_marrying.wav","first","inviting","marrying","inviting","test"
"33","A",4,"pulling_or_joining","assist","nonsym","nonsym","join_pull","assist.mp4","7B_did_he_say_pulling_or_joining.wav","first","pulling","joining","pulling","test"
"34","A",4,"fighting_or_punching","reject","nonsym","sym","fight_punch","reject.mp4","3A_did_he_say_fighting_or_punching.wav","second","fighting","punching","punching","test"
"35","A",4,"grabbing_or_sharing","expand","nonsym","nonsym","share_grab","expand.mp4","4A_did_he_say_grabbing_or_sharing.wav","first","grabbing","sharing","grabbing","test"
"36","A",4,"kissing_or_licking","diverge","sym","sym","kiss_lick","diverge.mp4","8A_did_he_say_kissing_or_licking.wav","first","kissing","licking","kissing","test"
"37","A",4,"hugging_or_tickling","equal","sym","sym","hug_tickle","equal.mp4","5A_did_he_say_hugging_or_tickling.wav","first","hugging","tickling","hugging","test"
"38","A",4,"hanging_or_connecting","divorce","sym","nonsym","connect_hang","divorce.mp4","2B_did_he_say_hanging_or_connecting.wav","second","hanging","connecting","connecting","test"
"39","A",4,"choosing_or_matching","quarrel","sym","nonsym","match_choose","quarrel.mp4","1A_did_he_say_choosing_or_matching.wav","second","choosing","matching","matching","test"
"40","A",4,"pushing_or_separating","embrace","sym","nonsym","separate_push","embrace.mp4","10A_did_he_say_pushing_or_separating.wav","second","pushing","separating","separating","test"
"41","A",5,"meeting_or_teaching","equal","sym","sym","meet_teach","equal.mp4","9A_did_he_say_meeting_or_teaching.wav","first","meeting","teaching","meeting","test"
"42","A",5,"inviting_or_marrying","embrace","sym","nonsym","marry_invite","embrace.mp4","6A_did_he_say_inviting_or_marrying.wav","second","inviting","marrying","marrying","test"
"43","A",5,"pulling_or_joining","divorce","sym","nonsym","join_pull","divorce.mp4","7B_did_he_say_pulling_or_joining.wav","second","pulling","joining","joining","test"
"44","A",5,"fighting_or_punching","diverge","sym","sym","fight_punch","diverge.mp4","3A_did_he_say_fighting_or_punching.wav","first","fighting","punching","fighting","test"
"45","A",5,"grabbing_or_sharing","quarrel","sym","nonsym","share_grab","quarrel.mp4","4A_did_he_say_grabbing_or_sharing.wav","second","grabbing","sharing","sharing","test"
"46","A",5,"kissing_or_licking","expand","nonsym","sym","kiss_lick","expand.mp4","8A_did_he_say_kissing_or_licking.wav","second","kissing","licking","licking","test"
"47","A",5,"hugging_or_tickling","assist","nonsym","sym","hug_tickle","assist.mp4","5A_did_he_say_hugging_or_tickling.wav","second","hugging","tickling","tickling","test"
"48","A",5,"hanging_or_connecting","reject","nonsym","nonsym","connect_hang","reject.mp4","2B_did_he_say_hanging_or_connecting.wav","first","hanging","connecting","hanging","test"
"49","A",5,"choosing_or_matching","touch","nonsym","nonsym","match_choose","touch.mp4","1A_did_he_say_choosing_or_matching.wav","first","choosing","matching","choosing","test"
"50","A",5,"pushing_or_separating","drown","nonsym","nonsym","separate_push","drown.mp4","10A_did_he_say_pushing_or_separating.wav","first","pushing","separating","pushing","test"
"51","A",6,"meeting_or_teaching","drown","nonsym","sym","meet_teach","drown.mp4","9A_did_he_say_meeting_or_teaching.wav","second","meeting","teaching","teaching","test"
"52","A",6,"inviting_or_marrying","expand","nonsym","nonsym","marry_invite","expand.mp4","6A_did_he_say_inviting_or_marrying.wav","first","inviting","marrying","inviting","test"
"53","A",6,"pulling_or_joining","assist","nonsym","nonsym","join_pull","assist.mp4","7B_did_he_say_pulling_or_joining.wav","first","pulling","joining","pulling","test"
"54","A",6,"fighting_or_punching","touch","nonsym","sym","fight_punch","touch.mp4","3A_did_he_say_fighting_or_punching.wav","second","fighting","punching","punching","test"
"55","A",6,"grabbing_or_sharing","reject","nonsym","nonsym","share_grab","reject.mp4","4A_did_he_say_grabbing_or_sharing.wav","first","grabbing","sharing","grabbing","test"
"56","A",6,"kissing_or_licking","diverge","sym","sym","kiss_lick","diverge.mp4","8A_did_he_say_kissing_or_licking.wav","first","kissing","licking","kissing","test"
"57","A",6,"hugging_or_tickling","divorce","sym","sym","hug_tickle","divorce.mp4","5A_did_he_say_hugging_or_tickling.wav","first","hugging","tickling","hugging","test"
"58","A",6,"hanging_or_connecting","quarrel","sym","nonsym","connect_hang","quarrel.mp4","2B_did_he_say_hanging_or_connecting.wav","second","hanging","connecting","connecting","test"
"59","A",6,"choosing_or_matching","embrace","sym","nonsym","match_choose","embrace.mp4","1A_did_he_say_choosing_or_matching.wav","second","choosing","matching","matching","test"
"60","A",6,"pushing_or_separating","equal","sym","nonsym","separate_push","equal.mp4","10A_did_he_say_pushing_or_separating.wav","second","pushing","separating","separating","test"
"61","A",7,"meeting_or_teaching","embrace","sym","sym","meet_teach","embrace.mp4","9A_did_he_say_meeting_or_teaching.wav","first","meeting","teaching","meeting","test"
"62","A",7,"inviting_or_marrying","quarrel","sym","nonsym","marry_invite","quarrel.mp4","6A_did_he_say_inviting_or_marrying.wav","second","inviting","marrying","marrying","test"
"63","A",7,"pulling_or_joining","equal","sym","nonsym","join_pull","equal.mp4","7B_did_he_say_pulling_or_joining.wav","second","pulling","joining","joining","test"
"64","A",7,"fighting_or_punching","divorce","sym","sym","fight_punch","divorce.mp4","3A_did_he_say_fighting_or_punching.wav","first","fighting","punching","fighting","test"
"65","A",7,"grabbing_or_sharing","diverge","sym","nonsym","share_grab","diverge.mp4","4A_did_he_say_grabbing_or_sharing.wav","second","grabbing","sharing","sharing","test"
"66","A",7,"kissing_or_licking","expand","nonsym","sym","kiss_lick","expand.mp4","8A_did_he_say_kissing_or_licking.wav","second","kissing","licking","licking","test"
"67","A",7,"hugging_or_tickling","assist","nonsym","sym","hug_tickle","assist.mp4","5A_did_he_say_hugging_or_tickling.wav","second","hugging","tickling","tickling","test"
"68","A",7,"hanging_or_connecting","drown","nonsym","nonsym","connect_hang","drown.mp4","2B_did_he_say_hanging_or_connecting.wav","first","hanging","connecting","hanging","test"
"69","A",7,"choosing_or_matching","reject","nonsym","nonsym","match_choose","reject.mp4","1A_did_he_say_choosing_or_matching.wav","first","choosing","matching","choosing","test"
"70","A",7,"pushing_or_separating","touch","nonsym","nonsym","separate_push","touch.mp4","10A_did_he_say_pushing_or_separating.wav","first","pushing","separating","pushing","test"
"71","A",8,"meeting_or_teaching","assist","nonsym","sym","meet_teach","assist.mp4","9A_did_he_say_meeting_or_teaching.wav","second","meeting","teaching","teaching","test"
"72","A",8,"inviting_or_marrying","expand","nonsym","nonsym","marry_invite","expand.mp4","6A_did_he_say_inviting_or_marrying.wav","first","inviting","marrying","inviting","test"
"73","A",8,"pulling_or_joining","touch","nonsym","nonsym","join_pull","touch.mp4","7B_did_he_say_pulling_or_joining.wav","first","pulling","joining","pulling","test"
"74","A",8,"fighting_or_punching","drown","nonsym","sym","fight_punch","drown.mp4","3A_did_he_say_fighting_or_punching.wav","second","fighting","punching","punching","test"
"75","A",8,"grabbing_or_sharing","reject","nonsym","nonsym","share_grab","reject.mp4","4A_did_he_say_grabbing_or_sharing.wav","first","grabbing","sharing","grabbing","test"
"76","A",8,"kissing_or_licking","quarrel","sym","sym","kiss_lick","quarrel.mp4","8A_did_he_say_kissing_or_licking.wav","first","kissing","licking","kissing","test"
"77","A",8,"hugging_or_tickling","equal","sym","sym","hug_tickle","equal.mp4","5A_did_he_say_hugging_or_tickling.wav","first","hugging","tickling","hugging","test"
"78","A",8,"hanging_or_connecting","diverge","sym","nonsym","connect_hang","diverge.mp4","2B_did_he_say_hanging_or_connecting.wav","second","hanging","connecting","connecting","test"
"79","A",8,"choosing_or_matching","divorce","sym","nonsym","match_choose","divorce.mp4","1A_did_he_say_choosing_or_matching.wav","second","choosing","matching","matching","test"
"80","A",8,"pushing_or_separating","embrace","sym","nonsym","separate_push","embrace.mp4","10A_did_he_say_pushing_or_separating.wav","second","pushing","separating","separating","test"
"81","B",9,"connecting_or_hanging","diverge","sym","sym","connect_hang","diverge.mp4","2A_did_he_say_connecting_or_hanging.wav","first","connecting","hanging","connecting","test"
"82","B",9,"separating_or_pushing","equal","sym","sym","separate_push","equal.mp4","10B_did_he_say_separating_or_pushing.wav","first","separating","pushing","separating","test"
"83","B",9,"sharing_or_grabbing","divorce","sym","sym","share_grab","divorce.mp4","4B_did_he_say_sharing_or_grabbing.wav","first","sharing","grabbing","sharing","test"
"84","B",9,"tickling_or_hugging","quarrel","sym","nonsym","hug_tickle","quarrel.mp4","5B_did_he_say_tickling_or_hugging.wav","second","tickling","hugging","hugging","test"
"85","B",9,"licking_or_kissing","embrace","sym","nonsym","kiss_lick","embrace.mp4","8B_did_he_say_licking_or_kissing.wav","second","licking","kissing","kissing","test"
"86","B",9,"matching_or_choosing","expand","nonsym","sym","match_choose","expand.mp4","1B_did_he_say_matching_or_choosing.wav","second","matching","choosing","choosing","test"
"87","B",9,"joining_or_pulling","touch","nonsym","sym","join_pull","touch.mp4","7A_did_he_say_joining_or_pulling.wav","second","joining","pulling","pulling","test"
"88","B",9,"marrying_or_inviting","assist","nonsym","sym","marry_invite","assist.mp4","6B_did_he_say_marrying_or_inviting.wav","second","marrying","inviting","inviting","test"
"89","B",9,"teaching_or_meeting","reject","nonsym","nonsym","meet_teach","reject.mp4","9B_did_he_say_teaching_or_meeting.wav","first","teaching","meeting","teaching","test"
"90","B",9,"punching_or_fighting","drown","nonsym","nonsym","fight_punch","drown.mp4","3B_did_he_say_punching_or_fighting.wav","first","punching","fighting","punching","test"
"91","B",10,"connecting_or_hanging","expand","nonsym","sym","connect_hang","expand.mp4","2A_did_he_say_connecting_or_hanging.wav","second","connecting","hanging","hanging","test"
"92","B",10,"separating_or_pushing","touch","nonsym","sym","separate_push","touch.mp4","10B_did_he_say_separating_or_pushing.wav","second","separating","pushing","pushing","test"
"93","B",10,"sharing_or_grabbing","assist","nonsym","sym","share_grab","assist.mp4","4B_did_he_say_sharing_or_grabbing.wav","second","sharing","grabbing","grabbing","test"
"94","B",10,"tickling_or_hugging","reject","nonsym","nonsym","hug_tickle","reject.mp4","5B_did_he_say_tickling_or_hugging.wav","first","tickling","hugging","tickling","test"
"95","B",10,"licking_or_kissing","drown","nonsym","nonsym","kiss_lick","drown.mp4","8B_did_he_say_licking_or_kissing.wav","first","licking","kissing","licking","test"
"96","B",10,"matching_or_choosing","diverge","sym","sym","match_choose","diverge.mp4","1B_did_he_say_matching_or_choosing.wav","first","matching","choosing","matching","test"
"97","B",10,"joining_or_pulling","equal","sym","sym","join_pull","equal.mp4","7A_did_he_say_joining_or_pulling.wav","first","joining","pulling","joining","test"
"98","B",10,"marrying_or_inviting","divorce","sym","sym","marry_invite","divorce.mp4","6B_did_he_say_marrying_or_inviting.wav","first","marrying","inviting","marrying","test"
"99","B",10,"teaching_or_meeting","quarrel","sym","nonsym","meet_teach","quarrel.mp4","9B_did_he_say_teaching_or_meeting.wav","second","teaching","meeting","meeting","test"
"100","B",10,"punching_or_fighting","embrace","sym","nonsym","fight_punch","embrace.mp4","3B_did_he_say_punching_or_fighting.wav","second","punching","fighting","fighting","test"
"101","B",11,"connecting_or_hanging","diverge","sym","sym","connect_hang","diverge.mp4","2A_did_he_say_connecting_or_hanging.wav","first","connecting","hanging","connecting","test"
"102","B",11,"separating_or_pushing","equal","sym","sym","separate_push","equal.mp4","10B_did_he_say_separating_or_pushing.wav","first","separating","pushing","separating","test"
"103","B",11,"sharing_or_grabbing","quarrel","sym","sym","share_grab","quarrel.mp4","4B_did_he_say_sharing_or_grabbing.wav","first","sharing","grabbing","sharing","test"
"104","B",11,"tickling_or_hugging","divorce","sym","nonsym","hug_tickle","divorce.mp4","5B_did_he_say_tickling_or_hugging.wav","second","tickling","hugging","hugging","test"
"105","B",11,"licking_or_kissing","embrace","sym","nonsym","kiss_lick","embrace.mp4","8B_did_he_say_licking_or_kissing.wav","second","licking","kissing","kissing","test"
"106","B",11,"matching_or_choosing","assist","nonsym","sym","match_choose","assist.mp4","1B_did_he_say_matching_or_choosing.wav","second","matching","choosing","choosing","test"
"107","B",11,"joining_or_pulling","drown","nonsym","sym","join_pull","drown.mp4","7A_did_he_say_joining_or_pulling.wav","second","joining","pulling","pulling","test"
"108","B",11,"marrying_or_inviting","expand","nonsym","sym","marry_invite","expand.mp4","6B_did_he_say_marrying_or_inviting.wav","second","marrying","inviting","inviting","test"
"109","B",11,"teaching_or_meeting","touch","nonsym","nonsym","meet_teach","touch.mp4","9B_did_he_say_teaching_or_meeting.wav","first","teaching","meeting","teaching","test"
"110","B",11,"punching_or_fighting","reject","nonsym","nonsym","fight_punch","reject.mp4","3B_did_he_say_punching_or_fighting.wav","first","punching","fighting","punching","test"
"111","B",12,"connecting_or_hanging","reject","nonsym","sym","connect_hang","reject.mp4","2A_did_he_say_connecting_or_hanging.wav","second","connecting","hanging","hanging","test"
"112","B",12,"separating_or_pushing","touch","nonsym","sym","separate_push","touch.mp4","10B_did_he_say_separating_or_pushing.wav","second","separating","pushing","pushing","test"
"113","B",12,"sharing_or_grabbing","expand","nonsym","sym","share_grab","expand.mp4","4B_did_he_say_sharing_or_grabbing.wav","second","sharing","grabbing","grabbing","test"
"114","B",12,"tickling_or_hugging","drown","nonsym","nonsym","hug_tickle","drown.mp4","5B_did_he_say_tickling_or_hugging.wav","first","tickling","hugging","tickling","test"
"115","B",12,"licking_or_kissing","assist","nonsym","nonsym","kiss_lick","assist.mp4","8B_did_he_say_licking_or_kissing.wav","first","licking","kissing","licking","test"
"116","B",12,"matching_or_choosing","divorce","sym","sym","match_choose","divorce.mp4","1B_did_he_say_matching_or_choosing.wav","first","matching","choosing","matching","test"
"117","B",12,"joining_or_pulling","embrace","sym","sym","join_pull","embrace.mp4","7A_did_he_say_joining_or_pulling.wav","first","joining","pulling","joining","test"
"118","B",12,"marrying_or_inviting","equal","sym","sym","marry_invite","equal.mp4","6B_did_he_say_marrying_or_inviting.wav","first","marrying","inviting","marrying","test"
"119","B",12,"teaching_or_meeting","quarrel","sym","nonsym","meet_teach","quarrel.mp4","9B_did_he_say_teaching_or_meeting.wav","second","teaching","meeting","meeting","test"
"120","B",12,"punching_or_fighting","diverge","sym","nonsym","fight_punch","diverge.mp4","3B_did_he_say_punching_or_fighting.wav","second","punching","fighting","fighting","test"
"121","B",13,"connecting_or_hanging","divorce","sym","sym","connect_hang","divorce.mp4","2A_did_he_say_connecting_or_hanging.wav","first","connecting","hanging","connecting","test"
"122","B",13,"separating_or_pushing","quarrel","sym","sym","separate_push","quarrel.mp4","10B_did_he_say_separating_or_pushing.wav","first","separating","pushing","separating","test"
"123","B",13,"sharing_or_grabbing","equal","sym","sym","share_grab","equal.mp4","4B_did_he_say_sharing_or_grabbing.wav","first","sharing","grabbing","sharing","test"
"124","B",13,"tickling_or_hugging","diverge","sym","nonsym","hug_tickle","diverge.mp4","5B_did_he_say_tickling_or_hugging.wav","second","tickling","hugging","hugging","test"
"125","B",13,"licking_or_kissing","embrace","sym","nonsym","kiss_lick","embrace.mp4","8B_did_he_say_licking_or_kissing.wav","second","licking","kissing","kissing","test"
"126","B",13,"matching_or_choosing","reject","nonsym","sym","match_choose","reject.mp4","1B_did_he_say_matching_or_choosing.wav","second","matching","choosing","choosing","test"
"127","B",13,"joining_or_pulling","assist","nonsym","sym","join_pull","assist.mp4","7A_did_he_say_joining_or_pulling.wav","second","joining","pulling","pulling","test"
"128","B",13,"marrying_or_inviting","expand","nonsym","sym","marry_invite","expand.mp4","6B_did_he_say_marrying_or_inviting.wav","second","marrying","inviting","inviting","test"
"129","B",13,"teaching_or_meeting","touch","nonsym","nonsym","meet_teach","touch.mp4","9B_did_he_say_teaching_or_meeting.wav","first","teaching","meeting","teaching","test"
"130","B",13,"punching_or_fighting","drown","nonsym","nonsym","fight_punch","drown.mp4","3B_did_he_say_punching_or_fighting.wav","first","punching","fighting","punching","test"
"131","B",14,"connecting_or_hanging","expand","nonsym","sym","connect_hang","expand.mp4","2A_did_he_say_connecting_or_hanging.wav","second","connecting","hanging","hanging","test"
"132","B",14,"separating_or_pushing","touch","nonsym","sym","separate_push","touch.mp4","10B_did_he_say_separating_or_pushing.wav","second","separating","pushing","pushing","test"
"133","B",14,"sharing_or_grabbing","drown","nonsym","sym","share_grab","drown.mp4","4B_did_he_say_sharing_or_grabbing.wav","second","sharing","grabbing","grabbing","test"
"134","B",14,"tickling_or_hugging","assist","nonsym","nonsym","hug_tickle","assist.mp4","5B_did_he_say_tickling_or_hugging.wav","first","tickling","hugging","tickling","test"
"135","B",14,"licking_or_kissing","reject","nonsym","nonsym","kiss_lick","reject.mp4","8B_did_he_say_licking_or_kissing.wav","first","licking","kissing","licking","test"
"136","B",14,"matching_or_choosing","divorce","sym","sym","match_choose","divorce.mp4","1B_did_he_say_matching_or_choosing.wav","first","matching","choosing","matching","test"
"137","B",14,"joining_or_pulling","quarrel","sym","sym","join_pull","quarrel.mp4","7A_did_he_say_joining_or_pulling.wav","first","joining","pulling","joining","test"
"138","B",14,"marrying_or_inviting","equal","sym","sym","marry_invite","equal.mp4","6B_did_he_say_marrying_or_inviting.wav","first","marrying","inviting","marrying","test"
"139","B",14,"teaching_or_meeting","diverge","sym","nonsym","meet_teach","diverge.mp4","9B_did_he_say_teaching_or_meeting.wav","second","teaching","meeting","meeting","test"
"140","B",14,"punching_or_fighting","embrace","sym","nonsym","fight_punch","embrace.mp4","3B_did_he_say_punching_or_fighting.wav","second","punching","fighting","fighting","test"
"141","B",15,"connecting_or_hanging","diverge","sym","sym","connect_hang","diverge.mp4","2A_did_he_say_connecting_or_hanging.wav","first","connecting","hanging","connecting","test"
"142","B",15,"separating_or_pushing","equal","sym","sym","separate_push","equal.mp4","10B_did_he_say_separating_or_pushing.wav","first","separating","pushing","separating","test"
"143","B",15,"sharing_or_grabbing","embrace","sym","sym","share_grab","embrace.mp4","4B_did_he_say_sharing_or_grabbing.wav","first","sharing","grabbing","sharing","test"
"144","B",15,"tickling_or_hugging","divorce","sym","nonsym","hug_tickle","divorce.mp4","5B_did_he_say_tickling_or_hugging.wav","second","tickling","hugging","hugging","test"
"145","B",15,"licking_or_kissing","quarrel","sym","nonsym","kiss_lick","quarrel.mp4","8B_did_he_say_licking_or_kissing.wav","second","licking","kissing","kissing","test"
"146","B",15,"matching_or_choosing","expand","nonsym","sym","match_choose","expand.mp4","1B_did_he_say_matching_or_choosing.wav","second","matching","choosing","choosing","test"
"147","B",15,"joining_or_pulling","touch","nonsym","sym","join_pull","touch.mp4","7A_did_he_say_joining_or_pulling.wav","second","joining","pulling","pulling","test"
"148","B",15,"marrying_or_inviting","reject","nonsym","sym","marry_invite","reject.mp4","6B_did_he_say_marrying_or_inviting.wav","second","marrying","inviting","inviting","test"
"149","B",15,"teaching_or_meeting","drown","nonsym","nonsym","meet_teach","drown.mp4","9B_did_he_say_teaching_or_meeting.wav","first","teaching","meeting","teaching","test"
"150","B",15,"punching_or_fighting","assist","nonsym","nonsym","fight_punch","assist.mp4","3B_did_he_say_punching_or_fighting.wav","first","punching","fighting","punching","test"
"151","B",16,"connecting_or_hanging","expand","nonsym","sym","connect_hang","expand.mp4","2A_did_he_say_connecting_or_hanging.wav","second","connecting","hanging","hanging","test"
"152","B",16,"separating_or_pushing","touch","nonsym","sym","separate_push","touch.mp4","10B_did_he_say_separating_or_pushing.wav","second","separating","pushing","pushing","test"
"153","B",16,"sharing_or_grabbing","reject","nonsym","sym","share_grab","reject.mp4","4B_did_he_say_sharing_or_grabbing.wav","second","sharing","grabbing","grabbing","test"
"154","B",16,"tickling_or_hugging","assist","nonsym","nonsym","hug_tickle","assist.mp4","5B_did_he_say_tickling_or_hugging.wav","first","tickling","hugging","tickling","test"
"155","B",16,"licking_or_kissing","drown","nonsym","nonsym","kiss_lick","drown.mp4","8B_did_he_say_licking_or_kissing.wav","first","licking","kissing","licking","test"
"156","B",16,"matching_or_choosing","divorce","sym","sym","match_choose","divorce.mp4","1B_did_he_say_matching_or_choosing.wav","first","matching","choosing","matching","test"
"157","B",16,"joining_or_pulling","embrace","sym","sym","join_pull","embrace.mp4","7A_did_he_say_joining_or_pulling.wav","first","joining","pulling","joining","test"
"158","B",16,"marrying_or_inviting","diverge","sym","sym","marry_invite","diverge.mp4","6B_did_he_say_marrying_or_inviting.wav","first","marrying","inviting","marrying","test"
"159","B",16,"teaching_or_meeting","quarrel","sym","nonsym","meet_teach","quarrel.mp4","9B_did_he_say_teaching_or_meeting.wav","second","teaching","meeting","meeting","test"
"160","B",16,"punching_or_fighting","equal","sym","nonsym","fight_punch","equal.mp4","3B_did_he_say_punching_or_fighting.wav","second","punching","fighting","fighting","test"
"161","A",17,"hanging_or_connecting","diverge","sym","nonsym","connect_hang","diverge.mp4","2B_did_he_say_hanging_or_connecting.wav","second","hanging","connecting","connecting","test"
"162","A",17,"hugging_or_tickling","equal","sym","sym","hug_tickle","equal.mp4","5A_did_he_say_hugging_or_tickling.wav","first","hugging","tickling","hugging","test"
"163","A",17,"meeting_or_teaching","divorce","sym","sym","meet_teach","divorce.mp4","9A_did_he_say_meeting_or_teaching.wav","first","meeting","teaching","meeting","test"
"164","A",17,"inviting_or_marrying","quarrel","sym","nonsym","marry_invite","quarrel.mp4","6A_did_he_say_inviting_or_marrying.wav","second","inviting","marrying","marrying","test"
"165","A",17,"pushing_or_separating","embrace","sym","nonsym","separate_push","embrace.mp4","10A_did_he_say_pushing_or_separating.wav","second","pushing","separating","separating","test"
"166","A",17,"grabbing_or_sharing","expand","nonsym","nonsym","share_grab","expand.mp4","4A_did_he_say_grabbing_or_sharing.wav","first","grabbing","sharing","grabbing","test"
"167","A",17,"choosing_or_matching","touch","nonsym","nonsym","match_choose","touch.mp4","1A_did_he_say_choosing_or_matching.wav","first","choosing","matching","choosing","test"
"168","A",17,"pulling_or_joining","assist","nonsym","nonsym","join_pull","assist.mp4","7B_did_he_say_pulling_or_joining.wav","first","pulling","joining","pulling","test"
"169","A",17,"fighting_or_punching","reject","nonsym","sym","fight_punch","reject.mp4","3A_did_he_say_fighting_or_punching.wav","second","fighting","punching","punching","test"
"170","A",17,"kissing_or_licking","drown","nonsym","sym","kiss_lick","drown.mp4","8A_did_he_say_kissing_or_licking.wav","second","kissing","licking","licking","test"
"171","A",18,"hanging_or_connecting","touch","nonsym","nonsym","connect_hang","touch.mp4","2B_did_he_say_hanging_or_connecting.wav","first","hanging","connecting","hanging","test"
"172","A",18,"hugging_or_tickling","expand","nonsym","sym","hug_tickle","expand.mp4","5A_did_he_say_hugging_or_tickling.wav","second","hugging","tickling","tickling","test"
"173","A",18,"meeting_or_teaching","assist","nonsym","sym","meet_teach","assist.mp4","9A_did_he_say_meeting_or_teaching.wav","second","meeting","teaching","teaching","test"
"174","A",18,"inviting_or_marrying","reject","nonsym","nonsym","marry_invite","reject.mp4","6A_did_he_say_inviting_or_marrying.wav","first","inviting","marrying","inviting","test"
"175","A",18,"pushing_or_separating","drown","nonsym","nonsym","separate_push","drown.mp4","10A_did_he_say_pushing_or_separating.wav","first","pushing","separating","pushing","test"
"176","A",18,"grabbing_or_sharing","equal","sym","nonsym","share_grab","equal.mp4","4A_did_he_say_grabbing_or_sharing.wav","second","grabbing","sharing","sharing","test"
"177","A",18,"choosing_or_matching","diverge","sym","nonsym","match_choose","diverge.mp4","1A_did_he_say_choosing_or_matching.wav","second","choosing","matching","matching","test"
"178","A",18,"pulling_or_joining","divorce","sym","nonsym","join_pull","divorce.mp4","7B_did_he_say_pulling_or_joining.wav","second","pulling","joining","joining","test"
"179","A",18,"fighting_or_punching","embrace","sym","sym","fight_punch","embrace.mp4","3A_did_he_say_fighting_or_punching.wav","first","fighting","punching","fighting","test"
"180","A",18,"kissing_or_licking","quarrel","sym","sym","kiss_lick","quarrel.mp4","8A_did_he_say_kissing_or_licking.wav","first","kissing","licking","kissing","test"
"181","A",19,"hanging_or_connecting","divorce","sym","nonsym","connect_hang","divorce.mp4","2B_did_he_say_hanging_or_connecting.wav","second","hanging","connecting","connecting","test"
"182","A",19,"hugging_or_tickling","equal","sym","sym","hug_tickle","equal.mp4","5A_did_he_say_hugging_or_tickling.wav","first","hugging","tickling","hugging","test"
"183","A",19,"meeting_or_teaching","embrace","sym","sym","meet_teach","embrace.mp4","9A_did_he_say_meeting_or_teaching.wav","first","meeting","teaching","meeting","test"
"184","A",19,"inviting_or_marrying","diverge","sym","nonsym","marry_invite","diverge.mp4","6A_did_he_say_inviting_or_marrying.wav","second","inviting","marrying","marrying","test"
"185","A",19,"pushing_or_separating","quarrel","sym","nonsym","separate_push","quarrel.mp4","10A_did_he_say_pushing_or_separating.wav","second","pushing","separating","separating","test"
"186","A",19,"grabbing_or_sharing","drown","nonsym","nonsym","share_grab","drown.mp4","4A_did_he_say_grabbing_or_sharing.wav","first","grabbing","sharing","grabbing","test"
"187","A",19,"choosing_or_matching","touch","nonsym","nonsym","match_choose","touch.mp4","1A_did_he_say_choosing_or_matching.wav","first","choosing","matching","choosing","test"
"188","A",19,"pulling_or_joining","assist","nonsym","nonsym","join_pull","assist.mp4","7B_did_he_say_pulling_or_joining.wav","first","pulling","joining","pulling","test"
"189","A",19,"fighting_or_punching","expand","nonsym","sym","fight_punch","expand.mp4","3A_did_he_say_fighting_or_punching.wav","second","fighting","punching","punching","test"
"190","A",19,"kissing_or_licking","reject","nonsym","sym","kiss_lick","reject.mp4","8A_did_he_say_kissing_or_licking.wav","second","kissing","licking","licking","test"
"191","A",20,"hanging_or_connecting","reject","nonsym","nonsym","connect_hang","reject.mp4","2B_did_he_say_hanging_or_connecting.wav","first","hanging","connecting","hanging","test"
"192","A",20,"hugging_or_tickling","expand","nonsym","sym","hug_tickle","expand.mp4","5A_did_he_say_hugging_or_tickling.wav","second","hugging","tickling","tickling","test"
"193","A",20,"meeting_or_teaching","touch","nonsym","sym","meet_teach","touch.mp4","9A_did_he_say_meeting_or_teaching.wav","second","meeting","teaching","teaching","test"
"194","A",20,"inviting_or_marrying","drown","nonsym","nonsym","marry_invite","drown.mp4","6A_did_he_say_inviting_or_marrying.wav","first","inviting","marrying","inviting","test"
"195","A",20,"pushing_or_separating","assist","nonsym","nonsym","separate_push","assist.mp4","10A_did_he_say_pushing_or_separating.wav","first","pushing","separating","pushing","test"
"196","A",20,"grabbing_or_sharing","diverge","sym","nonsym","share_grab","diverge.mp4","4A_did_he_say_grabbing_or_sharing.wav","second","grabbing","sharing","sharing","test"
"197","A",20,"choosing_or_matching","quarrel","sym","nonsym","match_choose","quarrel.mp4","1A_did_he_say_choosing_or_matching.wav","second","choosing","matching","matching","test"
"198","A",20,"pulling_or_joining","divorce","sym","nonsym","join_pull","divorce.mp4","7B_did_he_say_pulling_or_joining.wav","second","pulling","joining","joining","test"
"199","A",20,"fighting_or_punching","equal","sym","sym","fight_punch","equal.mp4","3A_did_he_say_fighting_or_punching.wav","first","fighting","punching","fighting","test"
"200","A",20,"kissing_or_licking","embrace","sym","sym","kiss_lick","embrace.mp4","8A_did_he_say_kissing_or_licking.wav","first","kissing","licking","kissing","test"
"201","A",21,"hanging_or_connecting","diverge","sym","nonsym","connect_hang","diverge.mp4","2B_did_he_say_hanging_or_connecting.wav","second","hanging","connecting","connecting","test"
"202","A",21,"hugging_or_tickling","equal","sym","sym","hug_tickle","equal.mp4","5A_did_he_say_hugging_or_tickling.wav","first","hugging","tickling","hugging","test"
"203","A",21,"meeting_or_teaching","divorce","sym","sym","meet_teach","divorce.mp4","9A_did_he_say_meeting_or_teaching.wav","first","meeting","teaching","meeting","test"
"204","A",21,"inviting_or_marrying","quarrel","sym","nonsym","marry_invite","quarrel.mp4","6A_did_he_say_inviting_or_marrying.wav","second","inviting","marrying","marrying","test"
"205","A",21,"pushing_or_separating","embrace","sym","nonsym","separate_push","embrace.mp4","10A_did_he_say_pushing_or_separating.wav","second","pushing","separating","separating","test"
"206","A",21,"grabbing_or_sharing","expand","nonsym","nonsym","share_grab","expand.mp4","4A_did_he_say_grabbing_or_sharing.wav","first","grabbing","sharing","grabbing","test"
"207","A",21,"choosing_or_matching","touch","nonsym","nonsym","match_choose","touch.mp4","1A_did_he_say_choosing_or_matching.wav","first","choosing","matching","choosing","test"
"208","A",21,"pulling_or_joining","assist","nonsym","nonsym","join_pull","assist.mp4","7B_did_he_say_pulling_or_joining.wav","first","pulling","joining","pulling","test"
"209","A",21,"fighting_or_punching","reject","nonsym","sym","fight_punch","reject.mp4","3A_did_he_say_fighting_or_punching.wav","second","fighting","punching","punching","test"
"210","A",21,"kissing_or_licking","drown","nonsym","sym","kiss_lick","drown.mp4","8A_did_he_say_kissing_or_licking.wav","second","kissing","licking","licking","test"
"211","A",22,"hanging_or_connecting","touch","nonsym","nonsym","connect_hang","touch.mp4","2B_did_he_say_hanging_or_connecting.wav","first","hanging","connecting","hanging","test"
"212","A",22,"hugging_or_tickling","expand","nonsym","sym","hug_tickle","expand.mp4","5A_did_he_say_hugging_or_tickling.wav","second","hugging","tickling","tickling","test"
"213","A",22,"meeting_or_teaching","assist","nonsym","sym","meet_teach","assist.mp4","9A_did_he_say_meeting_or_teaching.wav","second","meeting","teaching","teaching","test"
"214","A",22,"inviting_or_marrying","reject","nonsym","nonsym","marry_invite","reject.mp4","6A_did_he_say_inviting_or_marrying.wav","first","inviting","marrying","inviting","test"
"215","A",22,"pushing_or_separating","drown","nonsym","nonsym","separate_push","drown.mp4","10A_did_he_say_pushing_or_separating.wav","first","pushing","separating","pushing","test"
"216","A",22,"grabbing_or_sharing","equal","sym","nonsym","share_grab","equal.mp4","4A_did_he_say_grabbing_or_sharing.wav","second","grabbing","sharing","sharing","test"
"217","A",22,"choosing_or_matching","diverge","sym","nonsym","match_choose","diverge.mp4","1A_did_he_say_choosing_or_matching.wav","second","choosing","matching","matching","test"
"218","A",22,"pulling_or_joining","divorce","sym","nonsym","join_pull","divorce.mp4","7B_did_he_say_pulling_or_joining.wav","second","pulling","joining","joining","test"
"219","A",22,"fighting_or_punching","embrace","sym","sym","fight_punch","embrace.mp4","3A_did_he_say_fighting_or_punching.wav","first","fighting","punching","fighting","test"
"220","A",22,"kissing_or_licking","quarrel","sym","sym","kiss_lick","quarrel.mp4","8A_did_he_say_kissing_or_licking.wav","first","kissing","licking","kissing","test"
"221","A",23,"hanging_or_connecting","divorce","sym","nonsym","connect_hang","divorce.mp4","2B_did_he_say_hanging_or_connecting.wav","second","hanging","connecting","connecting","test"
"222","A",23,"hugging_or_tickling","equal","sym","sym","hug_tickle","equal.mp4","5A_did_he_say_hugging_or_tickling.wav","first","hugging","tickling","hugging","test"
"223","A",23,"meeting_or_teaching","embrace","sym","sym","meet_teach","embrace.mp4","9A_did_he_say_meeting_or_teaching.wav","first","meeting","teaching","meeting","test"
"224","A",23,"inviting_or_marrying","diverge","sym","nonsym","marry_invite","diverge.mp4","6A_did_he_say_inviting_or_marrying.wav","second","inviting","marrying","marrying","test"
"225","A",23,"pushing_or_separating","quarrel","sym","nonsym","separate_push","quarrel.mp4","10A_did_he_say_pushing_or_separating.wav","second","pushing","separating","separating","test"
"226","A",23,"grabbing_or_sharing","drown","nonsym","nonsym","share_grab","drown.mp4","4A_did_he_say_grabbing_or_sharing.wav","first","grabbing","sharing","grabbing","test"
"227","A",23,"choosing_or_matching","touch","nonsym","nonsym","match_choose","touch.mp4","1A_did_he_say_choosing_or_matching.wav","first","choosing","matching","choosing","test"
"228","A",23,"pulling_or_joining","assist","nonsym","nonsym","join_pull","assist.mp4","7B_did_he_say_pulling_or_joining.wav","first","pulling","joining","pulling","test"
"229","A",23,"fighting_or_punching","expand","nonsym","sym","fight_punch","expand.mp4","3A_did_he_say_fighting_or_punching.wav","second","fighting","punching","punching","test"
"230","A",23,"kissing_or_licking","reject","nonsym","sym","kiss_lick","reject.mp4","8A_did_he_say_kissing_or_licking.wav","second","kissing","licking","licking","test"
"231","A",24,"hanging_or_connecting","reject","nonsym","nonsym","connect_hang","reject.mp4","2B_did_he_say_hanging_or_connecting.wav","first","hanging","connecting","hanging","test"
"232","A",24,"hugging_or_tickling","expand","nonsym","sym","hug_tickle","expand.mp4","5A_did_he_say_hugging_or_tickling.wav","second","hugging","tickling","tickling","test"
"233","A",24,"meeting_or_teaching","touch","nonsym","sym","meet_teach","touch.mp4","9A_did_he_say_meeting_or_teaching.wav","second","meeting","teaching","teaching","test"
"234","A",24,"inviting_or_marrying","drown","nonsym","nonsym","marry_invite","drown.mp4","6A_did_he_say_inviting_or_marrying.wav","first","inviting","marrying","inviting","test"
"235","A",24,"pushing_or_separating","assist","nonsym","nonsym","separate_push","assist.mp4","10A_did_he_say_pushing_or_separating.wav","first","pushing","separating","pushing","test"
"236","A",24,"grabbing_or_sharing","diverge","sym","nonsym","share_grab","diverge.mp4","4A_did_he_say_grabbing_or_sharing.wav","second","grabbing","sharing","sharing","test"
"237","A",24,"choosing_or_matching","quarrel","sym","nonsym","match_choose","quarrel.mp4","1A_did_he_say_choosing_or_matching.wav","second","choosing","matching","matching","test"
"238","A",24,"pulling_or_joining","divorce","sym","nonsym","join_pull","divorce.mp4","7B_did_he_say_pulling_or_joining.wav","second","pulling","joining","joining","test"
"239","A",24,"fighting_or_punching","equal","sym","sym","fight_punch","equal.mp4","3A_did_he_say_fighting_or_punching.wav","first","fighting","punching","fighting","test"
"240","A",24,"kissing_or_licking","embrace","sym","sym","kiss_lick","embrace.mp4","8A_did_he_say_kissing_or_licking.wav","first","kissing","licking","kissing","test"
"241","B",25,"tickling_or_hugging","diverge","sym","nonsym","hug_tickle","diverge.mp4","5B_did_he_say_tickling_or_hugging.wav","second","tickling","hugging","hugging","test"
"242","B",25,"teaching_or_meeting","equal","sym","nonsym","meet_teach","equal.mp4","9B_did_he_say_teaching_or_meeting.wav","second","teaching","meeting","meeting","test"
"243","B",25,"matching_or_choosing","divorce","sym","sym","match_choose","divorce.mp4","1B_did_he_say_matching_or_choosing.wav","first","matching","choosing","matching","test"
"244","B",25,"connecting_or_hanging","quarrel","sym","sym","connect_hang","quarrel.mp4","2A_did_he_say_connecting_or_hanging.wav","first","connecting","hanging","connecting","test"
"245","B",25,"marrying_or_inviting","embrace","sym","sym","marry_invite","embrace.mp4","6B_did_he_say_marrying_or_inviting.wav","first","marrying","inviting","marrying","test"
"246","B",25,"punching_or_fighting","expand","nonsym","nonsym","fight_punch","expand.mp4","3B_did_he_say_punching_or_fighting.wav","first","punching","fighting","punching","test"
"247","B",25,"joining_or_pulling","touch","nonsym","sym","join_pull","touch.mp4","7A_did_he_say_joining_or_pulling.wav","second","joining","pulling","pulling","test"
"248","B",25,"sharing_or_grabbing","assist","nonsym","sym","share_grab","assist.mp4","4B_did_he_say_sharing_or_grabbing.wav","second","sharing","grabbing","grabbing","test"
"249","B",25,"licking_or_kissing","reject","nonsym","nonsym","kiss_lick","reject.mp4","8B_did_he_say_licking_or_kissing.wav","first","licking","kissing","licking","test"
"250","B",25,"separating_or_pushing","drown","nonsym","sym","separate_push","drown.mp4","10B_did_he_say_separating_or_pushing.wav","second","separating","pushing","pushing","test"
"251","B",26,"tickling_or_hugging","expand","nonsym","nonsym","hug_tickle","expand.mp4","5B_did_he_say_tickling_or_hugging.wav","first","tickling","hugging","tickling","test"
"252","B",26,"teaching_or_meeting","touch","nonsym","nonsym","meet_teach","touch.mp4","9B_did_he_say_teaching_or_meeting.wav","first","teaching","meeting","teaching","test"
"253","B",26,"matching_or_choosing","assist","nonsym","sym","match_choose","assist.mp4","1B_did_he_say_matching_or_choosing.wav","second","matching","choosing","choosing","test"
"254","B",26,"connecting_or_hanging","reject","nonsym","sym","connect_hang","reject.mp4","2A_did_he_say_connecting_or_hanging.wav","second","connecting","hanging","hanging","test"
"255","B",26,"marrying_or_inviting","drown","nonsym","sym","marry_invite","drown.mp4","6B_did_he_say_marrying_or_inviting.wav","second","marrying","inviting","inviting","test"
"256","B",26,"punching_or_fighting","diverge","sym","nonsym","fight_punch","diverge.mp4","3B_did_he_say_punching_or_fighting.wav","second","punching","fighting","fighting","test"
"257","B",26,"joining_or_pulling","equal","sym","sym","join_pull","equal.mp4","7A_did_he_say_joining_or_pulling.wav","first","joining","pulling","joining","test"
"258","B",26,"sharing_or_grabbing","divorce","sym","sym","share_grab","divorce.mp4","4B_did_he_say_sharing_or_grabbing.wav","first","sharing","grabbing","sharing","test"
"259","B",26,"licking_or_kissing","quarrel","sym","nonsym","kiss_lick","quarrel.mp4","8B_did_he_say_licking_or_kissing.wav","second","licking","kissing","kissing","test"
"260","B",26,"separating_or_pushing","embrace","sym","sym","separate_push","embrace.mp4","10B_did_he_say_separating_or_pushing.wav","first","separating","pushing","separating","test"
"261","B",27,"tickling_or_hugging","diverge","sym","nonsym","hug_tickle","diverge.mp4","5B_did_he_say_tickling_or_hugging.wav","second","tickling","hugging","hugging","test"
"262","B",27,"teaching_or_meeting","equal","sym","nonsym","meet_teach","equal.mp4","9B_did_he_say_teaching_or_meeting.wav","second","teaching","meeting","meeting","test"
"263","B",27,"matching_or_choosing","quarrel","sym","sym","match_choose","quarrel.mp4","1B_did_he_say_matching_or_choosing.wav","first","matching","choosing","matching","test"
"264","B",27,"connecting_or_hanging","divorce","sym","sym","connect_hang","divorce.mp4","2A_did_he_say_connecting_or_hanging.wav","first","connecting","hanging","connecting","test"
"265","B",27,"marrying_or_inviting","embrace","sym","sym","marry_invite","embrace.mp4","6B_did_he_say_marrying_or_inviting.wav","first","marrying","inviting","marrying","test"
"266","B",27,"punching_or_fighting","reject","nonsym","nonsym","fight_punch","reject.mp4","3B_did_he_say_punching_or_fighting.wav","first","punching","fighting","punching","test"
"267","B",27,"joining_or_pulling","assist","nonsym","sym","join_pull","assist.mp4","7A_did_he_say_joining_or_pulling.wav","second","joining","pulling","pulling","test"
"268","B",27,"sharing_or_grabbing","drown","nonsym","sym","share_grab","drown.mp4","4B_did_he_say_sharing_or_grabbing.wav","second","sharing","grabbing","grabbing","test"
"269","B",27,"licking_or_kissing","touch","nonsym","nonsym","kiss_lick","touch.mp4","8B_did_he_say_licking_or_kissing.wav","first","licking","kissing","licking","test"
"270","B",27,"separating_or_pushing","expand","nonsym","sym","separate_push","expand.mp4","10B_did_he_say_separating_or_pushing.wav","second","separating","pushing","pushing","test"
"271","B",28,"tickling_or_hugging","reject","nonsym","nonsym","hug_tickle","reject.mp4","5B_did_he_say_tickling_or_hugging.wav","first","tickling","hugging","tickling","test"
"272","B",28,"teaching_or_meeting","touch","nonsym","nonsym","meet_teach","touch.mp4","9B_did_he_say_teaching_or_meeting.wav","first","teaching","meeting","teaching","test"
"273","B",28,"matching_or_choosing","assist","nonsym","sym","match_choose","assist.mp4","1B_did_he_say_matching_or_choosing.wav","second","matching","choosing","choosing","test"
"274","B",28,"connecting_or_hanging","expand","nonsym","sym","connect_hang","expand.mp4","2A_did_he_say_connecting_or_hanging.wav","second","connecting","hanging","hanging","test"
"275","B",28,"marrying_or_inviting","drown","nonsym","sym","marry_invite","drown.mp4","6B_did_he_say_marrying_or_inviting.wav","second","marrying","inviting","inviting","test"
"276","B",28,"punching_or_fighting","diverge","sym","nonsym","fight_punch","diverge.mp4","3B_did_he_say_punching_or_fighting.wav","second","punching","fighting","fighting","test"
"277","B",28,"joining_or_pulling","embrace","sym","sym","join_pull","embrace.mp4","7A_did_he_say_joining_or_pulling.wav","first","joining","pulling","joining","test"
"278","B",28,"sharing_or_grabbing","divorce","sym","sym","share_grab","divorce.mp4","4B_did_he_say_sharing_or_grabbing.wav","first","sharing","grabbing","sharing","test"
"279","B",28,"licking_or_kissing","quarrel","sym","nonsym","kiss_lick","quarrel.mp4","8B_did_he_say_licking_or_kissing.wav","second","licking","kissing","kissing","test"
"280","B",28,"separating_or_pushing","equal","sym","sym","separate_push","equal.mp4","10B_did_he_say_separating_or_pushing.wav","first","separating","pushing","separating","test"
"281","B",29,"tickling_or_hugging","divorce","sym","nonsym","hug_tickle","divorce.mp4","5B_did_he_say_tickling_or_hugging.wav","second","tickling","hugging","hugging","test"
"282","B",29,"teaching_or_meeting","equal","sym","nonsym","meet_teach","equal.mp4","9B_did_he_say_teaching_or_meeting.wav","second","teaching","meeting","meeting","test"
"283","B",29,"matching_or_choosing","diverge","sym","sym","match_choose","diverge.mp4","1B_did_he_say_matching_or_choosing.wav","first","matching","choosing","matching","test"
"284","B",29,"connecting_or_hanging","embrace","sym","sym","connect_hang","embrace.mp4","2A_did_he_say_connecting_or_hanging.wav","first","connecting","hanging","connecting","test"
"285","B",29,"marrying_or_inviting","quarrel","sym","sym","marry_invite","quarrel.mp4","6B_did_he_say_marrying_or_inviting.wav","first","marrying","inviting","marrying","test"
"286","B",29,"punching_or_fighting","assist","nonsym","nonsym","fight_punch","assist.mp4","3B_did_he_say_punching_or_fighting.wav","first","punching","fighting","punching","test"
"287","B",29,"joining_or_pulling","reject","nonsym","sym","join_pull","reject.mp4","7A_did_he_say_joining_or_pulling.wav","second","joining","pulling","pulling","test"
"288","B",29,"sharing_or_grabbing","touch","nonsym","sym","share_grab","touch.mp4","4B_did_he_say_sharing_or_grabbing.wav","second","sharing","grabbing","grabbing","test"
"289","B",29,"licking_or_kissing","expand","nonsym","nonsym","kiss_lick","expand.mp4","8B_did_he_say_licking_or_kissing.wav","first","licking","kissing","licking","test"
"290","B",29,"separating_or_pushing","drown","nonsym","sym","separate_push","drown.mp4","10B_did_he_say_separating_or_pushing.wav","second","separating","pushing","pushing","test"
"291","B",30,"tickling_or_hugging","drown","nonsym","nonsym","hug_tickle","drown.mp4","5B_did_he_say_tickling_or_hugging.wav","first","tickling","hugging","tickling","test"
"292","B",30,"teaching_or_meeting","touch","nonsym","nonsym","meet_teach","touch.mp4","9B_did_he_say_teaching_or_meeting.wav","first","teaching","meeting","teaching","test"
"293","B",30,"matching_or_choosing","assist","nonsym","sym","match_choose","assist.mp4","1B_did_he_say_matching_or_choosing.wav","second","matching","choosing","choosing","test"
"294","B",30,"connecting_or_hanging","expand","nonsym","sym","connect_hang","expand.mp4","2A_did_he_say_connecting_or_hanging.wav","second","connecting","hanging","hanging","test"
"295","B",30,"marrying_or_inviting","reject","nonsym","sym","marry_invite","reject.mp4","6B_did_he_say_marrying_or_inviting.wav","second","marrying","inviting","inviting","test"
"296","B",30,"punching_or_fighting","embrace","sym","nonsym","fight_punch","embrace.mp4","3B_did_he_say_punching_or_fighting.wav","second","punching","fighting","fighting","test"
"297","B",30,"joining_or_pulling","quarrel","sym","sym","join_pull","quarrel.mp4","7A_did_he_say_joining_or_pulling.wav","first","joining","pulling","joining","test"
"298","B",30,"sharing_or_grabbing","diverge","sym","sym","share_grab","diverge.mp4","4B_did_he_say_sharing_or_grabbing.wav","first","sharing","grabbing","sharing","test"
"299","B",30,"licking_or_kissing","divorce","sym","nonsym","kiss_lick","divorce.mp4","8B_did_he_say_licking_or_kissing.wav","second","licking","kissing","kissing","test"
"300","B",30,"separating_or_pushing","equal","sym","sym","separate_push","equal.mp4","10B_did_he_say_separating_or_pushing.wav","first","separating","pushing","separating","test"
"301","B",31,"tickling_or_hugging","diverge","sym","nonsym","hug_tickle","diverge.mp4","5B_did_he_say_tickling_or_hugging.wav","second","tickling","hugging","hugging","test"
"302","B",31,"teaching_or_meeting","equal","sym","nonsym","meet_teach","equal.mp4","9B_did_he_say_teaching_or_meeting.wav","second","teaching","meeting","meeting","test"
"303","B",31,"matching_or_choosing","divorce","sym","sym","match_choose","divorce.mp4","1B_did_he_say_matching_or_choosing.wav","first","matching","choosing","matching","test"
"304","B",31,"connecting_or_hanging","quarrel","sym","sym","connect_hang","quarrel.mp4","2A_did_he_say_connecting_or_hanging.wav","first","connecting","hanging","connecting","test"
"305","B",31,"marrying_or_inviting","embrace","sym","sym","marry_invite","embrace.mp4","6B_did_he_say_marrying_or_inviting.wav","first","marrying","inviting","marrying","test"
"306","B",31,"punching_or_fighting","expand","nonsym","nonsym","fight_punch","expand.mp4","3B_did_he_say_punching_or_fighting.wav","first","punching","fighting","punching","test"
"307","B",31,"joining_or_pulling","drown","nonsym","sym","join_pull","drown.mp4","7A_did_he_say_joining_or_pulling.wav","second","joining","pulling","pulling","test"
"308","B",31,"sharing_or_grabbing","assist","nonsym","sym","share_grab","assist.mp4","4B_did_he_say_sharing_or_grabbing.wav","second","sharing","grabbing","grabbing","test"
"309","B",31,"licking_or_kissing","touch","nonsym","nonsym","kiss_lick","touch.mp4","8B_did_he_say_licking_or_kissing.wav","first","licking","kissing","licking","test"
"310","B",31,"separating_or_pushing","reject","nonsym","sym","separate_push","reject.mp4","10B_did_he_say_separating_or_pushing.wav","second","separating","pushing","pushing","test"
"311","B",32,"tickling_or_hugging","assist","nonsym","nonsym","hug_tickle","assist.mp4","5B_did_he_say_tickling_or_hugging.wav","first","tickling","hugging","tickling","test"
"312","B",32,"teaching_or_meeting","drown","nonsym","nonsym","meet_teach","drown.mp4","9B_did_he_say_teaching_or_meeting.wav","first","teaching","meeting","teaching","test"
"313","B",32,"matching_or_choosing","expand","nonsym","sym","match_choose","expand.mp4","1B_did_he_say_matching_or_choosing.wav","second","matching","choosing","choosing","test"
"314","B",32,"connecting_or_hanging","reject","nonsym","sym","connect_hang","reject.mp4","2A_did_he_say_connecting_or_hanging.wav","second","connecting","hanging","hanging","test"
"315","B",32,"marrying_or_inviting","touch","nonsym","sym","marry_invite","touch.mp4","6B_did_he_say_marrying_or_inviting.wav","second","marrying","inviting","inviting","test"
"316","B",32,"punching_or_fighting","embrace","sym","nonsym","fight_punch","embrace.mp4","3B_did_he_say_punching_or_fighting.wav","second","punching","fighting","fighting","test"
"317","B",32,"joining_or_pulling","diverge","sym","sym","join_pull","diverge.mp4","7A_did_he_say_joining_or_pulling.wav","first","joining","pulling","joining","test"
"318","B",32,"sharing_or_grabbing","divorce","sym","sym","share_grab","divorce.mp4","4B_did_he_say_sharing_or_grabbing.wav","first","sharing","grabbing","sharing","test"
"319","B",32,"licking_or_kissing","equal","sym","nonsym","kiss_lick","equal.mp4","8B_did_he_say_licking_or_kissing.wav","second","licking","kissing","kissing","test"
"320","B",32,"separating_or_pushing","quarrel","sym","sym","separate_push","quarrel.mp4","10B_did_he_say_separating_or_pushing.wav","first","separating","pushing","separating","test"
